System,Type,Type_ref,Gaia_ID,ra,ra_error,dec,dec_error,parallax,parallax_error,distance_gspphot,distance_gspphot_upper,distance_gspphot_lower,pmra,pmra_error,pmdec,pmdec_error,pm,radial_velocity,radial_velocity_error
11 Com,G8+IIIFe-1,1989ApJS...71..245K,Gaia DR3 3946945413106333696,185.17876326802073,0.10265955,17.79326400102279,0.10379008,10.167679527196395,0.13647683,100.6914,105.4601,91.5184,-109.42580245388767,0.14367026,88.92991873499396,0.10672985,141.00545,43.251984,0.13928862
16 Cyg,,,,,,,,,,,,,,,,,,,
18 Del,G6III,1957ArA.....2...55O,Gaia DR3 1756741374681702784,314.60783047224203,0.05746131,10.839132980363669,0.040245607,13.302135426379998,0.06518407,--,--,--,-49.92076302613594,0.070462815,-34.508749064205716,0.04368574,60.687202,4.171299,0.11649046
2MASS J01033563-5515561,M5.0,2014AJ....147..146K,,,,,,,,,,,,,,,,,
2MASS J19383260+4603591,sdB+dM,2010MNRAS.408L..51O,Gaia DR3 2080063931448749824,294.6359183935303,0.027756467,46.066406876930394,0.03160684,2.440960935892718,0.031625494,--,--,--,5.2250442605003355,0.037355088,-4.404688765362467,0.042169448,6.8339133,--,--
30 Ari,F5V,2009A&A...507.1659G,Gaia DR3 102082477749475200,39.24129515303115,0.028020425,24.64800884963116,0.026261695,22.510724873268565,0.03152984,44.3601,44.4222,44.2924,140.9505231844596,0.033430036,-10.535567473770639,0.028294275,141.34372,12.378623,0.3073357
42 Dra,K1.5IIIFe-1,1989ApJS...71..245K,Gaia DR3 2256800156349110528,276.49754084162925,0.08326502,65.56336161882217,0.076497704,11.055986825557596,0.084134236,--,--,--,105.81550998408761,0.10726357,-26.845553339244336,0.10623377,109.167786,31.748833,0.120681904
51 Eri,F0IV,1995ApJS...99..135A,Gaia DR3 3205095125321700480,69.40074849308137,0.069258526,-2.473833383625505,0.03442226,33.4390324822182,0.07770842,30.1045,30.9226,29.8508,44.04884090373149,0.10085864,-64.02842203088811,0.07450798,77.71705,--,--
55 Cnc,K0IV-V,2003AJ....126.2048G,Gaia DR3 704967037090946688,133.146760620834,0.02994385,28.329783000362703,0.01983439,79.44818375718161,0.042877857,12.5796,12.5965,12.5712,-485.6808133468651,0.040257532,-233.51700529342878,0.03707892,538.90265,27.187504,0.12249401
75 Cet,K1III,1999MSS...C05....0H,Gaia DR3 2500064286492779264,38.039156607736466,0.09285401,-1.0350312130393102,0.07591072,12.171720961532358,0.09623004,81.118,81.948,80.3809,-23.26848260403418,0.09828476,-30.987274101501157,0.08225424,38.750916,-6.3396134,0.12565237
91 Aqr,K1-IIIFe-0.5,1989ApJS...71..245K,Gaia DR3 2630155547353593216,348.9745548677205,0.5586589,-9.087810189229959,0.20857851,22.092365568710097,0.1301702,--,--,--,369.4769954378475,0.5925647,-16.981476529252753,0.24350376,369.86703,-26.068363,0.13127498
CoRoT-2,G7V+K9V,2014A&A...565L...1P,Gaia DR3 4287820848378092672,291.7770452207228,0.012019838,1.3836617432734073,0.0098255025,4.689528477580811,0.014295013,212.016,212.6313,211.3497,-3.3597972463179033,0.01599304,-11.101355489801703,0.012099371,11.598635,24.825539,1.9754307
CoRoT-9,G3V,2011A&A...529A.136E,Gaia DR3 4285571629874670080,280.78664410764026,0.013728639,6.204076157237759,0.013591964,2.3412321736696255,0.016025688,417.9986,421.3564,413.9663,-14.399522127162006,0.01586458,-14.94192312226449,0.013599754,20.75108,19.116896,2.8013453
DE CVn,DA+M3V,2010MNRAS.407.2362P,Gaia DR3 1550299304833675392,201.7206797854293,0.013787829,45.545520529192935,0.015297735,32.77275975184601,0.021094888,30.307,30.339,30.2661,-202.30935727001676,0.01681181,-175.7416802851047,0.01833988,267.98175,80.34062,28.176386
DMPP-3,K0IV/V,1975MSS...C01....0H,Gaia DR3 5266148569447305600,91.62435297317627,0.10836196,-72.51435874613051,0.10826041,21.24956610015964,0.11426809,46.5499,48.6955,45.9337,-0.7158934872258751,0.13285986,-382.7548271272846,0.12850001,382.7555,35.64353,0.49376386
DP Leo,,,Gaia DR3 3971777500966832384,169.31621489490803,0.19617555,17.961571447125664,0.20644008,3.1493196348917145,0.2530307,--,--,--,-28.90772515708945,0.23214693,-2.0777335068026055,0.23746987,28.982298,--,--
DS Tuc,G6V,2006A&A...460..695T,Gaia DR3 6387058411482257536,354.9154985453436,0.012696214,-69.19605237935818,0.0121749,22.63674663857418,0.015010941,44.079,44.2131,43.8823,79.52919795813374,0.014670932,-67.5510846814538,0.016220242,104.34578,7.128368,0.2766961
EPIC 246851721,,,Gaia DR3 3393939030531019520,78.91982004523724,0.020435212,16.278697373233207,0.013418274,2.645720959943073,0.022930551,368.756,371.7911,365.8613,2.627286629080814,0.024301762,-12.926348340047404,0.017940454,13.190645,39.292477,1.9503491
GJ 15,M2V,1989ApJS...71..245K,Gaia DR3 385334196532776576,4.625300681217554,0.020594174,44.02874451664357,0.013754434,280.6947310460246,0.027839076,3.5638,3.5778,3.561,2862.7964264973784,0.022829484,336.43190371856457,0.01896944,2882.497,10.603611,0.14668693
GJ 229,M1V,1991ApJS...77..417K,Gaia DR3 2940856402123426176,92.64357908167638,0.008222482,-21.86782311323394,0.013698905,173.57398583239672,0.017049566,--,--,--,-135.6916079479044,0.010703687,-719.1781339548138,0.01708214,731.86707,4.2265444,0.118980676
GJ 3021,G8V,2006A&A...460..695T,Gaia DR3 4634528720388462592,4.063774501401125,0.018354405,-79.85142960812378,0.017439483,56.96442817792121,0.019215303,17.5522,17.558,17.5465,434.10486443632266,0.026595881,-56.339342290818315,0.021481076,437.74554,-6.068909,0.1324086
GJ 338,,,,,,,,,,,,,,,,,,,
GJ 3473,M4V,2014AJ....147...20N,Gaia DR3 3094290054327367168,120.59355045268761,0.020004839,3.337110091341309,0.013789415,36.61053015816239,0.024273736,--,--,--,-403.19796827775485,0.025347466,-380.9280968279645,0.01735684,554.68445,-1.9450854,0.39764896
GJ 414,K7V,2003AJ....126.2048G,Gaia DR3 732856080807636224,167.76369133153824,0.017017234,30.443892892292382,0.015668023,84.15535722299161,0.01997997,11.8949,11.9456,11.8402,604.906859388117,0.019305775,-206.05390207551753,0.01890891,639.03876,-15.806729,0.13495457
GJ 667,K3V+K5V,2006A&A...460..695T,,,,,,,,,,,,,,,,,
GJ 676,M0V,1972AJ.....77..486U,Gaia DR3 5925209514333720832,262.56573118520566,0.020802446,-51.6404321272004,0.01741962,62.57756152037352,0.022467772,16.0145,16.0805,15.9994,-269.0687630391767,0.02404583,-185.00421594298047,0.017902797,326.53415,-39.607952,0.33709997
GJ 720,M0.5V,1991ApJS...77..417K,Gaia DR3 2118429538570209920,278.86660840698516,0.016286567,45.762979999016885,0.017353423,64.20993840996545,0.017638212,--,--,--,456.42624989652046,0.022177372,361.29195006938784,0.021749368,582.1141,-31.364754,0.3495256
GJ 86,K1.5V,1989ApJS...71..245K,Gaia DR3 4937000898856156288,32.62294594706244,0.035921752,-50.82090583925884,0.04082425,92.92514044230325,0.04607932,10.7084,10.7397,10.6803,2125.416146679918,0.047867194,637.975043070748,0.061558302,2219.1003,55.2173,0.1546862
Gl 49,M1.5V,2015A&A...577A.128A,Gaia DR3 522863309964987520,15.668950820681058,0.011228092,62.345451222893885,0.011862292,101.42379529598418,0.016878147,9.8438,9.8498,9.8136,731.0879947758527,0.013724243,90.53173556175588,0.016883908,736.672,-6.2840915,0.1332864
HAT-P-1,G0V,2011A&A...529A.136E,Gaia DR3 1928431764627661440,344.4453689393576,0.008808271,38.67491310096084,0.010212938,6.243808085100974,0.014619979,158.7827,159.429,154.5959,32.42153558202831,0.013767028,-41.94931071962647,0.012933271,53.01793,-2.6439135,0.22692169
HAT-P-14,F5V,2011AJ....141..161S,Gaia DR3 1340497608486742400,260.1161723018646,0.008782928,38.2421672551959,0.009807851,4.447257229662207,0.010584738,224.1573,224.7708,223.606,2.350301270153323,0.01191638,-6.67914866671022,0.013279681,7.080603,-19.41046,0.22034723
HAT-P-16,F8,2011A&A...529A.136E,Gaia DR3 381592313648387200,9.573030267848816,0.011483975,42.46309539733108,0.010371358,4.495829047019427,0.0154584395,220.6654,221.4393,219.9209,-21.535305310554268,0.011542264,-4.581762773087458,0.011774988,22.01731,-16.666695,0.42024994
HAT-P-22,G5,2011A&A...529A.136E,Gaia DR3 846946629987527168,155.68145370147047,0.008601171,50.12872314718098,0.01117382,12.27305537594609,0.015540047,81.1877,81.2848,81.0806,-26.110212105424264,0.013991112,83.8062941350035,0.015811026,87.77949,12.856509,0.14769213
HAT-P-24,F8,2011A&A...529A.136E,Gaia DR3 3167323052618369408,108.8251182637983,0.012300735,14.26260625049161,0.011267848,2.4202319408034314,0.014783522,401.4178,403.9415,399.242,8.193456696088958,0.015101619,-1.5952041502930205,0.012258892,8.3473,-0.9951621,0.7045571
HAT-P-27,G8,,Gaia DR3 1159336403336463872,222.76731815665812,0.0147510795,5.9473622595959155,0.01385416,4.952759651449276,0.016895672,197.6604,198.5756,195.9388,-28.609939645400036,0.019363329,-2.7744963107117093,0.019091632,28.744156,-16.741198,0.558079
HAT-P-29,,,Gaia DR3 359058441314838528,33.131089802560645,0.013686465,51.77877566319614,0.013999097,3.1358456333758515,0.020119427,--,--,--,-9.972381184596838,0.024160529,1.7899283417663021,0.017248591,10.131743,-21.914396,0.6858706
HAT-P-3,K1V,2018MNRAS.481.3244G,Gaia DR3 1510191594552968832,206.09401017795037,0.01036626,48.0285617144269,0.012580223,7.41592023148546,0.014328971,133.1345,133.4862,131.5636,-19.619094503099316,0.011927814,-23.972689438738414,0.015431108,30.97739,-23.306894,0.31029972
HAT-P-30,G0,,Gaia DR3 3096441729861716224,123.94984068652268,0.012865525,5.836870228936502,0.009947953,4.803689564557499,0.014766899,206.4299,207.0708,205.7566,-17.231496224173426,0.013377172,23.87539405164545,0.01055988,29.444166,45.136883,0.36763796
HAT-P-32,,,Gaia DR3 356348286886230272,31.042759398787133,0.016422974,46.68785164786019,0.01472625,3.493757310890448,0.020485217,283.3834,285.1272,281.6643,-9.763388779422488,0.017625218,3.3510759846573324,0.021392863,10.3224745,-22.523651,1.5963125
HAT-P-33,,,Gaia DR3 893550942158776832,113.18423829688207,0.018280735,33.83502109507552,0.01682714,2.5186166991819907,0.019531319,387.9433,390.6442,384.9883,-0.1252400725112663,0.024453402,-2.4442985915991082,0.02311441,2.447505,22.2108,0.6605851
HAT-P-35,,,Gaia DR3 3094733088793018240,123.25070172107864,0.017703798,4.787027835981808,0.013464144,1.901864790750988,0.021286793,499.6187,506.1833,489.9762,-9.415441532587451,0.020819616,-7.253642375763468,0.015557875,11.885531,40.663742,1.1769578
HAT-P-39,,,Gaia DR3 3169391577586325120,113.75825280460009,0.012798736,17.830027131240563,0.0112769855,1.415197155064673,0.014015782,--,--,--,1.1413214759707815,0.016716972,-8.584019491664908,0.015817307,8.659561,29.15279,3.376495
HAT-P-4,F,2011A&A...529A.136E,Gaia DR3 1291120362349158016,229.99121630812084,0.009744847,36.22954166640547,0.013425917,3.107097977174906,0.015360015,314.5281,317.3546,297.1596,-21.51330482861881,0.012793139,-24.254997898948787,0.018960478,32.421093,-1.1309037,0.36955643
HAT-P-41,,,Gaia DR3 4290415081653653632,297.3226518677282,0.015481577,4.6724113757546615,0.012521415,2.8476906499747314,0.01759626,348.1303,352.0814,342.2152,-3.1772368705569387,0.018924505,-6.569841791504391,0.015301142,7.2977843,32.53817,0.4711851
HAT-P-57,,,Gaia DR3 4483640815570090368,274.74341742799845,0.018658642,10.59719480087956,0.01967393,3.4323579959618478,0.019623086,292.973,297.7037,279.9677,-4.465676998786442,0.02456937,-14.267589335644072,0.024576232,14.9501295,-7.8001404,4.0891476
HAT-P-67,F5,,Gaia DR3 1358614983131339392,256.6107298128953,0.008663342,44.77688234995167,0.009823918,2.6869319873267354,0.01009964,368.2143,374.0003,365.1296,9.541390644446023,0.011205032,-18.25073647300053,0.012623115,20.594357,-1.6711453,0.60960907
HAT-P-7,F6V,2013MNRAS.433.2097F,Gaia DR3 2129256395211984000,292.24718620018575,0.01015957,47.96954406410182,0.010569662,2.9990652107930993,0.0113640325,--,--,--,-18.324874975262798,0.014262368,8.851426007842502,0.013935658,20.350645,-10.227906,0.25424847
HAT-P-8,F8V,2013MNRAS.428..182B,Gaia DR3 1891507552826485632,343.04150590196963,0.014803225,35.44717987044449,0.015819734,4.660607775362594,0.020797191,213.1909,214.093,212.2794,74.67645497324881,0.019426998,14.944294240193413,0.02006703,76.157104,-22.041786,0.22362284
HATS-30,,,Gaia DR3 4906145613282734208,5.6185189760124015,0.008055846,-59.94258995385615,0.008093067,2.9122785617896505,0.011044969,337.4406,338.7081,336.1865,-22.339721294551236,0.009884785,-5.0388983144385415,0.01123413,22.900953,0.21361746,0.7498505
HATS-37,,,Gaia DR3 6194574671813047424,199.80182671118433,0.047539182,-22.986842192875137,0.037804656,4.760576543440536,0.059434265,200.2924,202.8646,195.0496,-21.89510362186544,0.060162865,6.314193762385593,0.03974823,22.787378,6.9404926,0.51235306
HATS-48,,,Gaia DR3 6638412919991750912,288.6720056572256,0.012646141,-59.579349639309946,0.013732165,3.6847339909111643,0.018612556,271.2924,273.9671,269.5404,3.1719092655271885,0.01615301,6.152906999299605,0.013354852,6.9223747,-20.335001,1.8658215
HATS-58,,,,,,,,,,,,,,,,,,,
HATS-65,,,Gaia DR3 6766134630213144704,292.9397819391331,0.012390223,-26.740202154796933,0.0122502735,2.018578844030722,0.014178132,490.5103,493.9589,487.3315,-3.393776781768811,0.014055742,-0.2297664161390752,0.012485632,3.4015458,-14.929991,2.5985925
HATS-74,,,Gaia DR3 3545653561942122368,171.01478632538124,0.03320715,-19.55695334892451,0.026346665,3.424782522452036,0.04191937,--,--,--,-38.99226220119565,0.042772967,39.578321958412936,0.034395494,55.559338,--,--
HD 100655,G9III,,Gaia DR3 3979226627820659072,173.7653542527054,0.021162935,20.44154083939436,0.026440343,7.234507790980947,0.029444145,--,--,--,-59.89736060515357,0.02586394,-0.9961712274862169,0.025190866,59.905643,-5.161237,0.13228858
HD 101930,K2V+,2006AJ....132..161G,Gaia DR3 5341787994441794176,175.87561232564434,0.01274169,-58.00533129753904,0.014598976,33.381404184344994,0.017959077,--,--,--,16.67999946967957,0.017503545,349.1253791433192,0.018964421,349.52362,18.185888,0.12344411
HD 102365,G2V,2006AJ....132..161G,Gaia DR3 5381537023379295232,176.62052057636615,0.05680687,-40.498565145629904,0.05863287,107.30243385622761,0.08731465,9.3339,9.4436,9.3129,-1530.9705104799332,0.06000649,403.2865748639044,0.07325505,1583.1964,16.94267,0.118458375
HD 102956,K0III,,Gaia DR3 845335158256083584,177.843695737286,0.012671911,57.6406559991897,0.013000028,8.169064992326973,0.01805351,119.667,120.9343,117.7089,-12.0023715154493,0.015942464,-17.53002727950492,0.016797002,21.245207,-26.043434,0.11705196
HD 103774,F6V,1999MSS...C05....0H,Gaia DR3 3574907305749250432,179.23105516316,0.018155644,-12.107997861292453,0.015579281,17.798751486871105,0.027288398,56.0292,56.1297,55.9484,-125.07686563174136,0.022827435,-19.949881493988475,0.017346183,126.65788,-2.9305987,0.121135
HD 106515,K0-V,2003AJ....126.2048G,,,,,,,,,,,,,,,,,
HD 107148,G5V,1999MSS...C05....0H,Gaia DR3 3693358861640279296,184.8059696696248,0.021029318,-3.319999243834999,0.016354265,20.248010443598883,0.028255887,49.2507,49.3209,49.178,-54.5647665011179,0.03376359,-47.37599601607373,0.022828955,72.26202,25.231924,0.12873532
HD 108341,K2V,1975MSS...C01....0H,Gaia DR3 5842782219960409728,186.8791195923646,0.010406542,-71.42247366728131,0.010556224,20.430068004438397,0.012568741,48.8996,48.9312,48.8682,-120.9150670691934,0.012826811,114.24025903400478,0.015489675,166.3469,56.696373,0.15518796
HD 109749,G3V,1982PASP...94..304L,Gaia DR3 6147000074988843264,189.31732002702302,0.019780558,-40.8121466377554,0.017306373,15.813421018348189,0.026280481,63.1029,63.239,62.9648,-157.30751157653467,0.021834414,-6.357479268619768,0.020224959,157.43593,-13.124438,0.132685
HD 110082,F6/7V,1975MSS...C01....0H,Gaia DR3 5765748511163751936,192.58920541960728,0.010295281,-88.12111317577158,0.011434684,9.511219449504967,0.011999784,104.9605,105.0873,104.8265,-18.740414588154373,0.012641294,-17.89609346220384,0.015597742,25.912802,2.9267962,0.3768603
HD 113996,K5-III,1989ApJS...71..245K,Gaia DR3 1460876573902483328,196.79487934028714,0.08008067,27.624428561334327,0.08557845,8.598944925099353,0.13266973,122.0043,122.6318,121.5383,34.154936776738055,0.12514876,-69.5386365939737,0.18109833,77.47375,-15.890281,0.12694353
HD 114729,G0V,2006AJ....132..161G,Gaia DR3 6180035765135232128,198.1833669803679,0.015379673,-31.874718355648408,0.014238618,26.337769570726532,0.01871934,37.9106,37.9411,37.8742,-199.92742811816362,0.019895801,-308.12995868240034,0.016520394,367.30783,64.94375,0.124783345
HD 114762,F9VgF8mF4+M6?V,2013yCat....1.2023S,Gaia DR3 3937211745905473024,198.07954666800669,0.077853836,17.517124275902454,0.066571645,26.197851672160045,0.10816515,38.4357,38.6063,38.2739,-580.9987482853835,0.12597264,1.0620509867046164,0.14199933,580.9997,49.63159,0.17909902
HD 116029,K1IV,1997JApA...18..161Y,Gaia DR3 1446584503287858560,200.16468837335069,0.016926879,24.648465258835454,0.0124456175,8.120393913691041,0.025020376,122.3353,122.8237,121.9113,-14.321544177845983,0.025043983,-52.25240159314896,0.016530579,54.179516,-6.739653,0.11857863
HD 11964,G9VCN+1,2006AJ....132..161G,Gaia DR3 2462426800883134336,29.288373423111608,0.024075536,-10.24350297756486,0.014397577,29.79282178461356,0.024518276,--,--,--,-366.9970029177804,0.03826788,-242.38565685558774,0.015286745,439.81543,-9.392241,0.11960152
HD 125612,G3V,1988MSS...C04....0H,Gaia DR3 6296703260330865536,215.22270948132993,0.024917059,-17.4818240911491,0.022548791,17.289652997399102,0.027880002,57.6973,57.7864,57.5967,-60.25996443430407,0.034376852,-67.31421546437618,0.027133515,90.346375,-18.249695,0.15381078
HD 126614,G8IV,1999MSS...C05....0H,Gaia DR3 3641697998570813952,216.70049623081826,0.016495397,-5.178429568197561,0.013730577,13.663313797008593,0.016580151,72.9784,73.0693,72.8953,-149.7604829973102,0.023250038,-145.83679016949264,0.017769676,209.03725,-32.699764,0.15063737
HD 132563,F8III,,,,,,,,,,,,,,,,,,
HD 133131,G2V+G2V,1972A&A....18..341S,,,,,,,,,,,,,,,,,
HD 142,F7V,2006AJ....132..161G,Gaia DR3 4976894960284258048,1.5837990651942728,0.01700703,-49.075368186630975,0.020568669,38.19453346692788,0.035520833,26.1689,26.1961,26.1405,575.0993084165844,0.017257318,-40.8740956886412,0.023774054,576.55,5.7567415,0.1160367
HD 142022,G9IV-V,2006AJ....132..161G,Gaia DR3 5768159705804908800,242.54770649475105,0.013737896,-84.2317538110195,0.016443267,29.199118647793348,0.017200772,34.0907,34.1185,34.0596,-337.2704483164888,0.019196784,-31.38612227593692,0.023290636,338.7277,-9.961685,0.13421611
HD 142245,K0,1993yCat.3135....0C,Gaia DR3 1193193836691820032,238.2342360753037,0.017287588,15.430608795965497,0.013774642,10.237377828427679,0.022432208,97.0832,97.3599,96.8131,-57.31166375275386,0.020034017,-21.641038302146953,0.017195404,61.261417,6.6801343,0.11783459
HD 147379,M1-Ve,1989ApJS...71..245K,Gaia DR3 1642641410934267008,244.17238993246437,0.01526464,67.2392157683359,0.014311981,92.87660493860945,0.014588618,10.768,10.7932,10.7478,-497.91542844233754,0.018054526,84.04651524101907,0.018186517,504.95898,-19.619755,0.13084833
HD 147513,G5V,2006A&A...460..695T,Gaia DR3 6018047019138644480,246.0058026651914,0.057033733,-39.192965569776966,0.038358666,77.56546482061312,0.066113755,12.8827,12.8955,12.8646,73.7483592823494,0.08200179,3.3665386250642886,0.05878225,73.82516,12.845835,0.12912242
HD 147873,G1V,1982MSS...C03....0H,Gaia DR3 6024733935303422208,246.4380439934823,0.027797727,-33.567224917687895,0.016620157,9.079629996555786,0.028979711,108.2113,108.9293,107.598,-18.684865751802942,0.036454007,-22.797563095067083,0.024648763,29.476315,22.955942,0.1568265
HD 155233,K1III,1988MSS...C04....0H,Gaia DR3 4116106136072676608,257.768137614784,0.021585645,-20.655183269879405,0.0138556305,13.366858579206083,0.028057287,75.0555,75.2291,74.8628,-9.82265245787705,0.02930866,-138.33821611499667,0.020457285,138.68651,-10.446684,0.121484205
HD 156846,G1V,1988MSS...C04....0H,Gaia DR3 4122343906051101184,260.14231640956194,0.019656526,-19.33438492739363,0.013653706,20.96835127315822,0.022890199,47.5339,47.6188,47.0933,-137.0760578647058,0.028970147,-143.37762307815782,0.018713543,198.36075,-68.56453,0.12194873
HD 16141,G2V,1974AJ.....79..682H,Gaia DR3 2495335115182966016,38.83234577472829,0.023298416,-3.562549585651071,0.020894906,26.505717959938682,0.027086018,37.8206,38.0616,37.7209,-155.5013598848274,0.03193539,-437.84777107538133,0.024878213,464.64108,-50.954742,0.12366924
HD 16417,G1V,2006AJ....132..161G,Gaia DR3 5062172841616745856,39.24409983264786,0.015343766,-34.57912647324325,0.0205559,39.29461609004107,0.030513747,25.522,25.6514,25.4391,-18.36289552760158,0.018027961,-259.0017083849248,0.026518108,259.65186,11.155645,0.11674504
HD 164509,G2V,1999MSS...C05....0H,Gaia DR3 4275421969292868224,270.38007999932887,0.016202902,0.10446566243109,0.015971951,18.61552853856373,0.021881752,53.6103,53.6666,53.5427,-7.876353618404301,0.021389786,-20.461641336582332,0.019880105,21.92523,13.562283,0.13872524
HD 164595,G2V,1970AJ.....75..507H,Gaia DR3 4584639307993378432,270.1613501693823,0.010296538,29.572693853533792,0.013059141,35.40197793844217,0.014562073,28.1656,28.1865,28.1383,-138.98181269215274,0.012895981,173.50209641933057,0.0156135,222.30367,1.9887282,0.12407725
HD 170469,G5,1993yCat.3135....0C,Gaia DR3 4484013343859055744,277.2955354470397,0.018533817,11.695421840710969,0.01925682,16.573187341917393,0.023059517,60.2299,60.3245,60.1266,-48.27661969679889,0.02358994,-17.79138687477508,0.025816463,51.45061,-59.344173,0.12945485
HD 177830,K0+M4V,2015AJ....150..103R,Gaia DR3 2035963417721248128,286.3363510826131,0.009085716,25.920425344965793,0.013295014,16.0062960175231,0.016456528,--,--,--,-41.24770873907078,0.011535249,-52.58040108467994,0.017127749,66.828674,-72.270805,0.11962795
HD 178911,G1V+K1V,2014AJ....148...48F,Gaia DR3 2044341077844183040,287.2685427897602,0.63276976,34.601265789629075,0.8587986,--,--,--,--,--,--,--,--,--,--,-41.652843,4.521365
HD 180617,M3-V,1989ApJS...71..245K,Gaia DR3 4293318823182081408,289.2276515036191,0.01995468,5.162976302668586,0.01894904,169.06150528157374,0.023926072,5.9095,5.9179,5.886,-579.0805296593278,0.024688331,-1332.8677163542409,0.021144519,1453.2277,35.329697,0.13070686
HD 180902,K0III/IV,1988MSS...C04....0H,Gaia DR3 6770721346051487872,289.82396610445016,0.019261656,-23.558246047220273,0.016281215,9.515695218944568,0.021209944,106.8738,107.0917,106.6366,37.83153956812493,0.0219272,-20.334268218135037,0.017970385,42.95006,-3.2713704,0.13683005
HD 185269,G2V,1969AJ.....74..916H,Gaia DR3 2031479093959232128,294.2987618590443,0.010781099,28.499502691254843,0.013587195,19.242259439856873,0.018206649,51.8846,51.9316,51.8389,-31.563413444161753,0.0152949495,-81.08241076554879,0.018166473,87.00923,0.6801144,0.120384894
HD 188015,G5IV,,Gaia DR3 2028419118720795392,298.01919397941856,0.012030955,28.099964005036682,0.014150579,19.7003613148022,0.019411655,50.7775,52.0019,50.6126,52.809476687983434,0.01532088,-92.16625206102927,0.017297145,106.223625,0.16413224,0.12052653
HD 189733,K2V,2003AJ....126.2048G,Gaia DR3 1827242816201846144,300.1821218062407,0.009658503,22.709741105168273,0.011860526,50.56684941372739,0.016198024,19.7679,19.7801,19.7604,-3.208339784864691,0.011052146,-250.32333085817578,0.0139544625,250.34389,-2.531722,0.122242704
HD 190360,G7IV-V,2006AJ....132..161G,Gaia DR3 2029433521248546304,300.9093570564763,0.020898439,29.894467940509667,0.026556011,62.48650893182535,0.03535643,15.9992,16.0182,15.9873,683.1962193381917,0.027248329,-525.5010370094575,0.036196236,861.9213,-45.338062,0.11665686
HD 195019,G1V,2001AJ....121.2148G,Gaia DR3 1815418118373631360,307.07929398019195,0.012170137,18.769242935140205,0.013125293,26.64647931052189,0.022455148,37.3538,37.4483,37.1984,349.61977439220647,0.015586267,-56.618359057406025,0.01876193,354.17456,-91.263794,0.119012125
HD 196050,G3V,1975MSS...C01....0H,Gaia DR3 6454954010413575296,309.4637255286067,0.012968217,-60.634773985981354,0.01256686,19.787156438247344,0.020504005,50.5923,51.0562,50.4408,-191.11769122768848,0.013689691,-65.01991682911431,0.015212666,201.8751,61.372757,0.124192365
HD 196067,G0V,2006AJ....132..161G,Gaia DR3 6369544118965772416,310.4365054098678,0.014637662,-75.35152180039606,0.017657673,25.032724921336342,0.020531353,39.9381,39.9914,39.904,156.404128065751,0.019299628,-162.21415165644808,0.022437656,225.3346,-11.00263,0.12329576
HD 196885,F8V,2001AJ....121.2148G,Gaia DR3 1754430373040023168,309.96647104497725,0.020398349,11.250035914960753,0.015098949,29.40764876817505,0.027209938,33.966,33.9985,33.935,71.91462356793883,0.031676054,89.31770957564326,0.02572654,114.670685,-31.088703,0.13031945
HD 197037,G0,1993yCat.3135....0C,Gaia DR3 2066437688140905600,309.8869563374066,0.010640309,42.24756209551218,0.013249483,30.2285779855553,0.014290423,33.0502,33.0668,33.0331,-62.74458863980568,0.014368663,-222.1683288615094,0.017047448,230.8585,8.888768,0.12550311
HD 19994,F8.5V,2003AJ....126.2048G,Gaia DR3 3265335443260522112,48.194346115429944,0.13297834,-1.1964050113001996,0.09882143,43.70273455684943,0.13252045,--,--,--,193.54884716032865,0.15142389,-68.8884844240555,0.11010126,205.44289,19.302824,0.12092308
HD 202206,G6V,1988MSS...C04....0H,Gaia DR3 6832155218215202944,318.7405162913092,0.02205593,-20.789745174219902,0.0164954,21.939201623652195,0.027478134,45.4651,45.6705,45.3592,-39.173495312802515,0.027121015,-120.06846136200777,0.02249806,126.297264,14.6255045,0.18853752
HD 202772,G8/K1+A/F,1982MSS...C03....0H,,,,,,,,,,,,,,,,,
HD 204941,K2V,2006AJ....132..161G,Gaia DR3 6830027182179257472,323.09662995538457,0.020023622,-20.95797436742594,0.017491473,34.882972989080336,0.027438005,28.6146,28.6368,28.5921,-278.86816615356577,0.026948908,-124.31478865382105,0.020303879,305.32217,32.47982,0.12799987
HD 20781,G9.5V,2006AJ....132..161G,Gaia DR3 5060105897197110144,50.01403102395243,0.009684992,-28.78412676056192,0.015486894,27.812323049350464,0.02385499,35.8977,35.9382,35.86,348.8686604181032,0.014826859,-66.61443733287662,0.018604925,355.17154,40.27011,0.12039765
HD 20782,G1.5V,2006AJ....132..161G,Gaia DR3 5060104351007433472,50.01667855900128,0.0071467436,-28.854362578686352,0.011086379,27.875960404064863,0.017160077,35.8082,35.8425,35.6724,349.0538298521275,0.0108157005,-65.30521475786597,0.013250487,355.11032,39.849407,0.117954694
HD 207832,G5V,1982MSS...C03....0H,Gaia DR3 6812056381881853056,328.1518093496955,0.012741716,-26.027194856819314,0.012613678,16.889686023580545,0.0151343215,58.9495,59.009,58.8939,129.30988432628016,0.01602199,-143.1320229688839,0.015297837,192.8933,-16.753683,0.12498664
HD 212301,F8V,1975MSS...C01....0H,Gaia DR3 6356860393345181824,336.8804459524599,0.013938213,-77.71833483238878,0.015422077,18.48491511130179,0.017732732,54.0564,54.1116,54.0018,76.78182152388446,0.02190538,-92.41241349801984,0.02170964,120.147835,4.6076446,0.1271446
HD 213240,G0/1V,1978MSS...C02....0H,Gaia DR3 6517058790835773440,337.75059755923917,0.013644517,-49.43413069104159,0.01645279,24.424668790862217,0.020756882,40.8963,40.9309,40.8624,-135.91230619805583,0.016845256,-193.84418096093916,0.019897863,236.744,-0.36914852,0.123482466
HD 214823,G0,1993yCat.3135....0C,Gaia DR3 1889143121789650176,340.08321944988927,0.017187387,31.787515743054836,0.023764944,9.8795121338907,0.030773778,99.4496,100.5092,94.0853,81.2768121095375,0.024196185,-18.07960605689925,0.032722887,83.26339,-44.1388,0.15668713
HD 217786,F8V,1999MSS...C05....0H,Gaia DR3 2650902026099857920,345.78379661569494,0.0911366,-0.43038299928811563,0.07127645,18.193695574643293,0.106383786,55.7822,56.1558,55.4652,-88.68205794613937,0.10025106,-169.48959163092113,0.08652145,191.28835,10.0128145,0.1437263
HD 220842,F8,1993yCat.3135....0C,Gaia DR3 1997273733835247616,351.6533934266438,0.013532719,56.8871612635986,0.0143492855,15.398494219422142,0.018254146,64.8329,64.9186,64.7529,-89.18171931019565,0.016901331,143.07337920659023,0.017088117,168.59232,-22.660078,0.1330972
HD 222582,G5V,1999MSS...C05....0H,Gaia DR3 2440578577126302336,355.464058544604,0.021773372,-5.986253467421608,0.017591424,23.79550899696286,0.023837755,41.9626,42.0033,41.9171,-145.49156033388547,0.028769132,-111.45849006599117,0.021433381,183.27791,12.04019,0.1267504
HD 233832,K2,1985ApJS...59..197B,Gaia DR3 790236569006916096,171.51954835402307,0.009402816,50.376327208036315,0.011279248,17.1257616785636,0.015783304,58.207,58.2847,58.0867,-473.8591625206827,0.010686164,124.3032592359728,0.01313154,489.89163,-65.37456,0.2846868
HD 23596,F8,1993yCat.3135....0C,Gaia DR3 224870885460646016,57.00186971669163,0.025615543,40.53073384375664,0.01811703,19.3246930658357,0.030648055,51.6625,51.7624,51.5668,52.74173147748,0.038585905,21.74006677289353,0.0261072,57.046654,-10.179395,0.12587237
HD 25171,F8V,1975MSS...C01....0H,Gaia DR3 4670023700215616768,58.957525732708,0.016465006,-65.18631252025298,0.015990397,17.927955865429738,0.016269086,55.7853,55.9022,55.7197,144.01980949544725,0.022012625,81.550238348588,0.020214725,165.50574,43.68032,0.13179345
HD 2638,K1V,1999MSS...C05....0H,Gaia DR3 2526925389919277056,7.498988813380171,0.023218002,-5.764990920117544,0.015840404,18.28745111865658,0.024469318,54.6767,55.1932,54.5596,-107.13956253416737,0.034511343,-223.19799844373586,0.022123886,247.58076,9.803659,0.18140289
HD 26965,K0V,1989ApJS...71..245K,Gaia DR3 3195919528989223040,63.80795300602079,0.09761786,-7.6680778150199815,0.06970807,199.6080124181338,0.12083028,--,--,--,-2240.0849838923477,0.13507964,-3421.8086201704023,0.09439368,4089.8354,-42.46972,0.11956516
HD 27442,K2III,2006AJ....132..161G,Gaia DR3 4678664766393829504,64.1205345994243,0.08157478,-59.30290021818768,0.098068416,54.22863060384525,0.1018749,--,--,--,-47.78530523238955,0.10137576,-167.80573654384344,0.14726165,174.47693,28.96301,0.12235008
HD 28254,G5V,1978MSS...C02....0H,Gaia DR3 4781553628548774656,66.21079947771149,0.022410272,-50.622828034360374,0.023903627,18.12416110086892,0.02470812,55.1009,55.2456,54.8825,-67.27743212197004,0.027998008,-143.67980098908663,0.03515697,158.651,-9.424022,0.12203058
HD 30856,K0III,1988MSS...C04....0H,Gaia DR3 4893980371818915456,72.5745127838877,0.0097714085,-24.36893087792775,0.013614565,7.596489162722107,0.017850986,128.5245,129.8985,125.2091,18.469128426982735,0.013848557,-19.83687193728765,0.017377878,27.103693,35.514996,0.12151834
HD 33283,G3/5V,1982MSS...C03....0H,Gaia DR3 2955981936912654592,77.00449761600126,0.012185984,-26.797675244019032,0.0146676935,11.15955292093882,0.018180376,89.3807,89.5333,89.2303,56.16662156701383,0.016493944,-46.047715962144004,0.019018898,72.62975,4.8738537,0.11940892
HD 38529,G8III/IV,1999MSS...C05....0H,Gaia DR3 3219847066672970368,86.64512552932929,0.034145754,1.167566977088821,0.033877816,23.571371902224232,0.042150404,--,--,--,-77.80648862844173,0.040960666,-141.362876484858,0.038225744,161.36081,30.187641,0.11798345
HD 40979,F8,1993yCat.3135....0C,Gaia DR3 961428192989499904,91.12535302459682,0.017914612,44.2597643129915,0.016612133,29.429916317529713,0.021254102,33.9367,33.9615,33.9118,95.06577761161158,0.02118931,-152.65138971613712,0.017171249,179.83311,32.560566,0.12501417
HD 41004,K1IV,2006A&A...460..695T,Gaia DR3 4794830231453653888,89.95658599404547,0.0917022,-48.239400836115664,0.11235485,25.610592456279793,0.10427584,--,--,--,-43.41786597444736,0.11457672,65.33320013369583,0.122742616,78.44449,42.363117,0.13787788
HD 4113,G5V,1982MSS...C03....0H,Gaia DR3 5000774703569900800,10.802760256487394,0.0156085715,-37.98314065870438,0.01580268,23.825609048907918,0.02398091,41.8129,41.9176,41.451,49.412444320800724,0.015568614,-114.29034801096859,0.023821704,124.51455,5.051237,0.12062019
HD 43691,G0IV,2007A&A...473..323D,Gaia DR3 959971546241608576,94.89461657669304,0.02774692,41.092069947009186,0.024975888,11.672592533292292,0.034560822,83.9385,84.8741,81.7994,22.684267499238683,0.031852696,-53.139675594420794,0.025417674,57.7789,-29.033539,0.12651964
HD 46375,G9V,2018MNRAS.481.3244G,Gaia DR3 3131777319158581376,98.30309186643743,0.019260634,5.462493694254457,0.01810558,33.8797560667941,0.02242616,29.5226,29.8717,29.4779,111.62398989195641,0.025227848,-96.95211134641269,0.02050293,147.85002,-1.0920392,0.1329027
HD 4732,K0III,1988MSS...C04....0H,Gaia DR3 2345744256120965504,12.308521206847134,0.034837753,-24.136915815173005,0.022230627,18.14409285483354,0.04217959,54.9345,55.0553,54.8067,81.16500724365105,0.05088934,-56.64207135295905,0.044998083,98.97516,24.806753,0.12148604
HD 59686,K2III,1935ApJ....81..187A,Gaia DR3 3169225963647395712,112.95186858704972,0.07328671,17.085709082339218,0.05585842,11.329768566997604,0.07642153,--,--,--,39.38479275281829,0.09695596,-75.75219644187584,0.07208037,85.37891,-33.35086,0.14744395
HD 65216,G5V,1975MSS...C01....0H,Gaia DR3 5287961677550103424,118.42092591541724,0.020161767,-63.64666883397953,0.017666917,28.441891942043235,0.018097308,34.9943,35.1157,34.8862,-123.74030940946665,0.028725464,146.60198674582713,0.022635803,191.84319,42.581425,0.122202866
HD 7449,F9.5V,2006AJ....132..161G,Gaia DR3 2482820714353923072,18.62144204627101,0.02327625,-5.04799024544603,0.021193502,25.913215369647478,0.028655913,38.5116,38.5569,38.464,-164.54447467408127,0.03857158,-134.38196424496653,0.028442046,212.44621,-19.599012,0.1285431
HD 75289,F9VFe+0.3,2006AJ....132..161G,Gaia DR3 5524982093479504384,131.91816769599885,0.012511311,-41.737806425866864,0.015600181,34.45449069799191,0.016486546,29.0068,29.0418,28.9138,-20.376297920695407,0.01724401,-227.98714878313933,0.019463867,228.8959,9.307374,0.12986632
HD 79498,G5,1993yCat.3135....0C,Gaia DR3 686996756484129664,138.78856021717587,0.02452703,23.374857615120717,0.01980528,20.565812815516857,0.030126292,48.4673,48.551,48.3515,-127.01347428635518,0.03031277,-155.7027859301869,0.026502864,200.93726,19.94139,0.13895267
HD 80606,G8V,2018MNRAS.481.3244G,Gaia DR3 1019003226022657920,140.65696231986905,0.012740567,50.60377794926782,0.011434339,15.14390290928666,0.016966274,65.8727,65.9598,65.7893,56.022466253969014,0.015299719,10.330507964953004,0.014519787,56.966972,3.7869616,0.16283408
HD 8535,G0V,1978MSS...C02....0H,Gaia DR3 4984244302162168704,20.905491132135488,0.010032299,-41.2701104327556,0.012450327,18.06572711118403,0.018059837,55.3108,55.369,55.2465,57.7950112194344,0.01214985,-69.87862463254281,0.015958067,90.682335,2.5079744,0.11948716
HD 86081,G1V,1999MSS...C05....0H,Gaia DR3 3823126385045210880,149.02436209004057,0.015918935,-3.8083519514653648,0.015586728,9.678276495003226,0.01963038,103.0123,103.3053,102.7671,-66.939099866498,0.018717127,16.17798973012978,0.01800617,68.866325,30.796553,0.19302088
HD 8673,F7V,1990ApJ...351..467B,Gaia DR3 317350357498173312,21.53788528589299,0.028395882,34.5793271369492,0.019562976,26.203632010753925,0.037020244,38.1044,38.1586,38.0486,236.27116499256087,0.030341545,-84.63157204169093,0.021936355,250.97125,19.083519,0.14403705
HD 87646,G2V,2018MNRAS.481.3244G,Gaia DR3 623313901995781632,151.66953212397178,0.48966745,17.89497449470844,0.5415565,10.817933761033741,0.6199829,123.5267,124.0724,123.3268,-73.32804584496161,0.6249523,-23.150868351248782,0.5779194,76.895805,20.541641,0.38738567
HD 89744,F7V,,Gaia DR3 804739952015901056,155.54329702671302,0.032705292,41.22891638069128,0.03467175,25.933363535432672,0.04362463,38.4778,38.5568,38.3739,-120.2846307026323,0.041562602,-138.17129899176152,0.04989711,183.19307,-5.379384,0.12376274
HD 93963,G5,1993yCat.3135....0C,Gaia DR3 729899906357408768,162.77668261825656,0.013391248,25.6410618560591,0.013235514,12.150601874643645,0.01712876,82.0514,82.4372,81.9002,-92.83332777264867,0.01424374,-22.911093589942524,0.013768729,95.61875,13.366902,0.16156483
HD 96167,G3V,1999MSS...C05....0H,Gaia DR3 3758718711877270784,166.31255851537873,0.02533411,-10.291346218886417,0.018548952,11.727871380314609,0.026617406,85.0627,85.2457,84.8771,-50.53242307048237,0.031484935,-9.196777762010823,0.022461768,51.3625,12.06678,0.14064156
HD 98736,K0,1985ApJS...59..197B,Gaia DR3 3977050728669174912,170.45488231874128,0.02438665,18.189595417975774,0.022062158,30.947232932672133,0.03147176,32.2764,32.309,32.2384,-151.94520515080336,0.029788354,-92.3855031999996,0.023785695,177.82695,-3.4230802,0.13132785
HD 99492,K3,1985ApJS...59..197B,Gaia DR3 3812355294262255104,171.6895857640404,0.024027161,3.007159334792932,0.022858704,55.061766610828144,0.030359352,--,--,--,-728.130728459501,0.033715114,188.5540155183829,0.027381204,752.14825,3.6292856,0.1298031
HIP 109600,G5,,Gaia DR3 1894962115280642688,333.02711215388484,0.01217188,29.066220957605367,0.011761731,15.07023300920903,0.016051622,66.0553,66.1358,65.9807,208.7788245988537,0.01887634,92.14251185281898,0.014685454,228.20789,-70.17225,0.18635994
HIP 116454,K0,,Gaia DR3 2645940376800212096,353.9543193085598,0.016962092,0.44467821148676245,0.015082418,15.969597715165495,0.024424372,62.6492,63.0459,62.4463,-232.90041822555688,0.018677566,-187.68796603161618,0.017076096,299.11432,-3.194702,0.19605897
HIP 65,K4V,2020A&A...639A..76N,Gaia DR3 4923860051276772608,0.18555746500007905,0.0064453436,-54.83083281791827,0.006732112,16.164144500365733,0.00932246,61.8702,61.936,61.4651,-202.7111034469219,0.008062241,-71.6125435702873,0.008971466,214.98871,21.18429,0.20528927
HIP 70849,K7Vk,2006AJ....132..161G,Gaia DR3 6099000589942631424,217.3270672654168,0.010241826,-46.46471195076728,0.013584425,41.461783362473945,0.017520834,24.1463,25.6063,24.0372,-44.05102035258808,0.016871551,-201.57740578381453,0.020301444,206.33453,-0.10510431,0.16218662
HIP 75056,A2V,1982MSS...C03....0H,Gaia DR3 6206053714943873408,230.05568168500977,0.035134275,-34.92555220179581,0.025382487,8.20276867740515,0.040113952,--,--,--,-22.631084128470327,0.04432529,-25.860573351142275,0.03261782,34.36474,--,--
HIP 79098,B9V,1988MSS...C04....0H,Gaia DR3 6242058872466158848,242.18211890734963,0.17436348,-23.685528005944057,0.11843499,6.476159566892918,0.18394712,158.0536,162.1392,153.8505,-10.086674294211347,0.22412714,-26.085008083840716,0.17874315,27.967278,--,--
HIP 8541,K2III/IV,1975MSS...C01....0H,Gaia DR3 4912062772547406976,27.527222732403892,0.013027287,-54.46516976300188,0.012710262,6.4963719184355275,0.01564975,--,--,--,110.61667036015763,0.015191943,-46.797996884850775,0.01503429,120.1087,6.9171057,0.117557175
HIP 94235,G1V,2006A&A...460..695T,Gaia DR3 6632318361397624960,287.7411473632085,0.012169516,-60.272649801669296,0.014640467,17.080687478876836,0.02084719,58.389,58.4667,58.3144,11.632464143733568,0.018302644,-100.8355976637986,0.018081304,101.50434,9.470981,0.24549311
HR 5183,G0V,2003AJ....126.2048G,Gaia DR3 3721126409323324416,206.73572793286885,0.020500887,6.3498840911271,0.016321117,31.780648513087556,0.025737368,31.4918,31.5651,31.4456,-510.46732759231907,0.026982678,-110.21206750513824,0.019599138,522.22943,-30.549679,0.12793541
HR 858,F6V,2006AJ....132..161G,Gaia DR3 5064574724769475968,42.98499788942525,0.014782763,-30.81404621914154,0.022778971,31.541768915847552,0.035200343,31.6835,31.7233,31.6456,123.435321716336,0.024857366,105.9956322653701,0.03730978,162.7002,9.765037,0.1199631
HU Aqr,D+M4V,2015MNRAS.448.1118G,Gaia DR3 6911950900211768704,316.9921886391623,0.03912281,-5.294878160924168,0.032066286,5.23538335247209,0.04574113,--,--,--,-64.57910535084027,0.04568475,-62.73169742208196,0.036917057,90.03181,--,--
HW Vir,sdB2VIIHe3,2013A&A...551A..31D,Gaia DR3 3675067076961979264,191.08436809847007,0.054519493,-8.67141649181095,0.026605517,5.77283066187233,0.059018712,--,--,--,9.008625314267656,0.09048828,-15.829436055868877,0.056030918,18.213358,--,--
K2-122,M0V,2017ApJ...836..167D,Gaia DR3 663843343706623232,126.47621460733492,0.014178279,20.359331037918224,0.00979895,13.829524270659341,0.015077018,--,--,--,-22.1216531657616,0.015259973,-53.355303080177634,0.011049132,57.759464,-15.132265,0.47580627
K2-136,K5.5V,2018AJ....155....4M,Gaia DR3 145916050683920128,67.4128739855634,0.016438758,22.882562464954916,0.008718003,16.98181159135447,0.018911948,59.3272,59.391,59.2149,82.7779335754593,0.020850172,-35.5409784176602,0.014976908,90.08522,39.722755,0.37491146
K2-148,K7V,2019AJ....158...87D,Gaia DR3 2536443724641751808,14.517644035871253,0.014025956,-0.1932612960592061,0.00984096,8.034533586316737,0.016254852,124.1249,126.2407,123.7027,-38.79163530207197,0.022307178,-23.68875449280528,0.018545354,45.4527,1.3418597,1.2692814
K2-151,M1.5V,2018AJ....155..127H,Gaia DR3 2579620343673729408,19.30478112092364,0.0133201955,9.501262291444446,0.009979212,14.424582605868782,0.015469381,--,--,--,55.48920968096073,0.021059334,-28.942248396752756,0.013293064,62.58359,-49.456123,1.6545866
K2-22,K7V,2017ApJ...836..167D,Gaia DR3 3811002791880297600,169.48270078420228,0.02799968,2.6190356940101442,0.021308722,4.1405564013543765,0.02950662,--,--,--,-27.260288835850325,0.032254037,-4.679085556989299,0.023062095,27.658943,--,--
K2-265,?+M4-7,2018AJ....156..182L,Gaia DR3 2597119620985658496,342.03165366160624,0.015085243,-14.494782194358734,0.012183366,7.1549573200411185,0.01606934,138.9779,139.3013,138.6807,30.13812205268965,0.019944713,-23.35910639077683,0.015844518,38.130753,-17.427114,0.6151067
K2-266,K5V,2019AJ....158...87D,Gaia DR3 3855246074629979264,157.9356934907216,0.014296811,0.9372686668169364,0.014674696,12.870283546835239,0.016491577,77.895,78.0282,77.7819,57.01928283063822,0.016778033,-68.87106137000829,0.015353483,89.41153,10.831064,0.44226086
K2-27,,,Gaia DR3 3798552815560689792,171.51518785671072,0.012062331,1.2306200314242437,0.012565391,4.021887417694316,0.01598977,--,--,--,3.3669776023109272,0.016237568,-26.80453281899883,0.013829371,27.015171,-38.968273,1.0522408
K2-288,M2V,2019AJ....158...87D,,,,,,,,,,,,,,,,,
K2-29,K2V,2019AJ....158...87D,Gaia DR3 150054788545735424,62.67042446994373,0.016690085,24.401652798725866,0.009686414,5.643499489174777,0.018928163,173.6632,176.852,172.5823,16.349513818525022,0.023365306,-22.063315435528157,0.016495777,27.460817,32.76917,0.47906342
K2-290,,,Gaia DR3 6253844468883543680,234.85788862041002,0.020721555,-20.19889989291064,0.014051214,3.712570297432681,0.020816188,266.557,267.7481,265.2963,27.04349205484393,0.026867365,-16.82004997006709,0.01764968,31.84752,19.290207,0.33001363
K2-31,G7V,2016AJ....152..132G,Gaia DR3 6050191241556876672,245.4405469405197,0.015001237,-23.54828644033225,0.008946324,9.076017569904812,0.016714944,109.1978,109.4859,108.4253,-40.23732319106927,0.019292489,-96.47381852599419,0.0138782,104.528656,-4.537106,0.26155254
K2-32,,,Gaia DR3 4130539180358512768,252.4260055029446,0.014278245,-19.543057889000124,0.0068706414,6.393921855036845,0.015321931,156.018,156.4253,155.5939,-16.66196862289607,0.018002376,-53.563801410817746,0.012714641,56.095474,-2.0157804,0.54055315
KELT-15,,,Gaia DR3 5489780919480009472,117.4149754464524,0.00964373,-52.12044734779312,0.009304744,3.1589471330056202,0.009998723,314.8128,315.7816,313.8671,-4.4012709887986645,0.013022099,-2.1977516503932146,0.012001749,4.9194818,12.205707,0.41209
KELT-16,F7V,2017AJ....153...97O,Gaia DR3 1864885215233116032,314.2685235688607,0.007898421,31.661018862270623,0.009713895,2.2471544556728515,0.013332167,447.4885,489.7386,438.054,5.629043534673601,0.010607106,2.281510619933144,0.013002519,6.073831,-29.781105,0.55195475
KELT-18,F5,,Gaia DR3 1612165353793791488,216.52381956464575,0.010957849,59.44427436618638,0.011293005,3.1607012792992863,0.011780496,309.9514,313.6901,306.1392,-19.2700733981589,0.014670738,6.124168889942595,0.014471649,20.219822,-10.648966,0.44457114
KELT-19,A8V+G9V/K1V,2018AJ....155...35S,Gaia DR3 3142847477107193344,111.50952895596896,0.017696513,7.615775609353973,0.016386824,3.39596283716934,0.020301534,289.0005,291.7046,285.6869,-2.99832419377989,0.021475583,-1.4271254139102876,0.019092342,3.3206377,-7.0949388,2.1571434
KELT-2,F7V,,Gaia DR3 3438059369839738624,92.66402528819924,0.018549692,30.957133037887893,0.015097978,7.432694404686457,0.021666136,133.7117,134.0912,133.3127,16.72630682270412,0.023073964,-2.1547847707789316,0.016901726,16.864532,-47.380737,0.1850793
KELT-23,K,,Gaia DR3 1644692064543192704,232.14664092144804,0.011865644,66.35870797886518,0.011366067,7.871302223313952,0.012976425,126.6065,126.8195,126.3927,0.6389536123910879,0.01462287,-12.168819760833946,0.016368972,12.185583,-14.989983,0.30177101
KELT-3,F2,,Gaia DR3 806492023789218688,148.643114239119,0.018834064,40.387941296392825,0.017511128,4.785969353308211,0.027193952,206.1377,207.2364,205.0869,-28.21695788225621,0.019581867,-24.068224004814866,0.022221345,37.08741,28.19507,0.25267747
KELT-4,F8,,,,,,,,,,,,,,,,,,
KELT-9,A0,1993yCat.3135....0C,Gaia DR3 2064327278651198336,307.8599027970418,0.01920192,39.93891900336815,0.020882355,4.825836101438949,0.024752686,211.0618,213.3349,209.2633,16.716578051403854,0.025312958,20.96090596020299,0.025505612,26.810513,-20.228071,0.49226907
KIC 5095269,F5V,2016A&A...594A..39F,Gaia DR3 2101127864119148160,290.5519541113223,0.009428723,40.23504472316446,0.009456256,0.8414815215510039,0.010555738,1142.9401,1156.9084,1129.7009,2.400461180597751,0.012878411,1.448994907453662,0.011605344,2.8038902,15.372425,5.5337925
KIC 5951458,F5V,2016A&A...594A..39F,Gaia DR3 2102202464934586752,288.99162322749106,0.010849256,41.22306939013219,0.012390709,1.3960346103951367,0.0131053785,714.9767,723.3553,708.1846,7.3597359218390395,0.015053569,8.450648558065835,0.016679404,11.206211,-25.033464,1.3085324
KMT-2021-BLG-0322L,,,,,,,,,,,,,,,,,,,
KOI-1257,G5V,2014A&A...571A..37S,Gaia DR3 2126633166627436928,291.22508666072133,0.1897795,44.9272892706056,0.20515904,0.4387382212498445,0.2138494,1104.4271,1141.288,771.5844,-10.357520486120142,0.25008318,-17.66521121910661,0.2658866,20.477741,16.725155,15.783244
KOI-13,A0,,,,,,,,,,,,,,,,,,
KOI-94,,,Gaia DR3 2076970047474270208,297.33307198708445,0.007135604,41.8911187240746,0.008199404,2.106923778357414,0.008604879,469.8221,471.6986,467.9638,2.0632555270727497,0.009803077,1.3367953442977218,0.010507379,2.458464,-18.910536,1.181806
Kepler-1008,K2,2016A&A...594A..39F,Gaia DR3 2079733154550359424,296.5476423410844,0.008791985,44.94182814459946,0.011258564,3.5237463886366753,0.010498893,281.057,281.9541,280.2564,14.515256422252058,0.011455517,-18.0529586986164,0.013345313,23.16467,10.963716,2.2743762
Kepler-1027,G5V,2016A&A...594A..39F,Gaia DR3 2102600488143944192,287.571174912791,0.021757554,42.81381263402212,0.025070524,2.470072358758237,0.025322473,370.2833,375.0823,365.7754,1.1294923990072814,0.028979855,-22.96997477978272,0.033253275,22.997728,-4.4880915,1.2380781
Kepler-104,G0V,2016A&A...594A..39F,Gaia DR3 2102454253097554304,287.6046628914455,0.008588992,42.1665030365523,0.009447732,2.473123128992266,0.009673009,401.6881,404.1995,399.8587,4.31682063636169,0.009752302,-52.767094711455826,0.010842918,52.94338,4.8344817,1.5485387
Kepler-1063,,,,,,,,,,,,,,,,,,,
Kepler-108,,,Gaia DR3 2080062630080517376,294.55935070424175,0.01566892,46.06225062269351,0.019397229,0.9915993843032681,0.017010259,--,--,--,-1.4025455748023345,0.021357952,-0.39898203774901825,0.023339903,1.4581909,-14.172141,3.585873
Kepler-1086,,,Gaia DR3 2080018374737161984,295.2511876819241,0.022842593,45.842953167683696,0.022746086,2.1289050949861608,0.024789654,468.0738,476.409,461.5139,3.603902262250067,0.029513298,-3.453226875309003,0.027574962,4.991281,--,--
Kepler-1130,K0V,2016A&A...594A..39F,Gaia DR3 2106406069684947840,285.2074201847493,0.01004755,45.38433289541784,0.010537814,3.9487659768803303,0.011561802,252.8911,254.4399,252.0304,-4.599439097599959,0.013432056,-0.4186685803010395,0.013424148,4.6184545,7.289843,0.6614488
Kepler-1150,,,Gaia DR3 2086853351332014976,296.72445410874025,0.012959892,49.53268461629431,0.014648495,2.777530881576819,0.01536752,348.886,352.9184,335.3364,-5.557735865218568,0.017469201,-0.12916154271614427,0.01857436,5.5592365,-11.911647,3.6985326
Kepler-130,G1V,2016A&A...594A..39F,Gaia DR3 2101305259145506816,288.4505881825587,0.007336473,40.24519656002707,0.008241982,3.155033576249448,0.008839006,312.0475,312.8364,311.1491,-13.0201003906317,0.009843075,-28.402050769566692,0.010000367,31.244192,20.258465,0.82896215
Kepler-1319,M2V,2014ApJS..213....5M,Gaia DR3 2129942765344872320,290.9564576324032,0.014375545,49.36681057157168,0.016187713,9.600702414513357,0.014490286,104.1562,104.3765,103.9405,53.155384114393065,0.020037467,124.23317067055643,0.021686295,135.12726,-59.750824,2.3377113
Kepler-132,,,Gaia DR3 2104466256290759936,283.2355590892423,0.041908585,41.343051395608086,0.044570502,2.628090463340832,0.048119653,--,--,--,-21.100230570508646,0.054977313,-0.7805944976736716,0.061084773,21.114664,-28.043217,1.0561604
Kepler-1341,,,Gaia DR3 2117344732912435968,280.5116799741085,0.016430875,44.1593499359774,0.016929349,2.0788117811589886,0.018015953,466.5804,471.7199,456.4029,-6.876012319471486,0.024310624,-2.736364880022948,0.021590307,7.400489,-4.221826,6.069637
Kepler-136,F5V,2016A&A...594A..39F,Gaia DR3 2077203178296653056,296.4673035480431,0.009453454,42.59879872875201,0.010058089,2.3082835105085477,0.011118039,423.4721,425.7947,417.3395,-1.9829199090785008,0.0123147415,2.685785755147676,0.013677271,3.3384752,-39.316936,0.6701072
Kepler-14,,,,,,,,,,,,,,,,,,,
Kepler-1480,,,Gaia DR3 2129758940745727488,291.99980628837363,0.013637866,49.30183211749794,0.013972572,1.9944280532436165,0.015100202,484.965,488.2533,481.987,3.499272144778593,0.019189542,-0.019912442266076535,0.017972816,3.4993289,2.714928,7.9213333
Kepler-1540,,,Gaia DR3 2104452752917443584,283.34455681127093,0.010448478,41.20175380236478,0.011994758,4.087412138969468,0.012188202,241.0268,241.6349,240.3171,7.119806930474497,0.013748906,-4.010208480199118,0.014903203,8.1715,-29.775137,2.9825547
Kepler-16,K7V,2016A&A...594A..39F,Gaia DR3 2133476355197071616,289.0758338428347,0.028038839,51.757222139112315,0.025980141,13.280588280144325,0.028396517,75.4007,75.9722,73.0067,14.092449884672726,0.03655428,-48.93943560785297,0.03275287,50.928043,-32.609608,2.2249663
Kepler-1647,,,Gaia DR3 2073793420945053824,298.15005610407195,0.009507989,40.65617407279587,0.010565878,0.823525771431328,0.011612889,--,--,--,-4.92770441890249,0.012823094,-7.255467805861343,0.014615413,8.7706375,6.768849,6.198465
Kepler-1651,M2V,2014ApJS..213....5M,Gaia DR3 2131725447350716032,283.62825795229014,0.008669476,48.390801356988064,0.008896092,15.085159957197792,0.009295918,66.49,66.5383,66.443,-10.895811028065495,0.010823945,-48.67251831353383,0.011088686,49.87718,5.8689437,1.5891885
Kepler-1661,,,Gaia DR3 2104078025612319360,285.167091251641,0.011631637,41.966934616113235,0.012446449,2.4443306284397646,0.013407088,388.3891,391.0242,385.3414,-7.984141638723447,0.015733222,-26.496453260842543,0.015884068,27.673246,8.89979,4.235805
Kepler-167,,,Gaia DR3 2051933102555095936,292.6585280083309,0.01038183,38.34556080186814,0.012430731,2.915672155471049,0.013076383,333.8847,335.8389,328.5848,15.096733046347904,0.013984593,36.3524810703954,0.015008528,39.3626,-26.789423,2.2085407
Kepler-197,F5,2016A&A...594A..39F,Gaia DR3 2135179533070399232,295.2264758483415,0.009434513,50.55924205538903,0.009910756,2.9234132893412426,0.010290783,334.9069,336.1873,333.5706,8.525548745724866,0.013129326,52.99713157736845,0.013650489,53.678497,3.6334112,0.6014025
Kepler-20,G5V,2016A&A...594A..39F,Gaia DR3 2102548708017562112,287.69799066943483,0.007947536,42.33857435905501,0.009431212,3.493609335610924,0.009452877,283.9439,284.8321,283.1545,-3.8687118066951136,0.010679554,-27.104914783509464,0.01139181,27.379616,-21.978867,0.9170143
Kepler-21,F6IV,2013MNRAS.434.1422M,Gaia DR3 2099606483621385216,287.36197234512946,0.0141720055,38.714142299228236,0.015472522,9.21811430954543,0.01726815,108.5631,109.0251,108.1083,28.09284380290668,0.018182125,28.546452875929816,0.019616915,40.051315,-19.186785,0.14154322
Kepler-25,,,Gaia DR3 2100451630105041152,286.6383904848715,0.010061636,39.48790457559991,0.010242429,4.145587012654901,0.011259291,240.3203,240.9633,239.7113,-0.30323265563178325,0.013779734,6.109194306465243,0.013173732,6.1167154,-8.1976595,0.30858505
Kepler-296,M2V,2012ApJ...750L..37M,Gaia DR3 2132069633148965888,286.5400285534619,0.5093756,49.43725968117355,0.55798554,4.553783146020581,0.5562098,--,--,--,2.635175610567506,0.6817407,-16.375032850938126,0.8385252,16.585712,--,--
Kepler-333,,,Gaia DR3 2053581167404822272,292.2861214059839,0.01452709,40.91354122750084,0.014829898,3.058502791168524,0.016107412,317.587,319.5814,316.0066,7.304913695203309,0.018958274,-11.965567171712095,0.018274952,14.01915,-8.254435,3.7752616
Kepler-34,,,Gaia DR3 2079692678777827712,296.435801484417,0.015897043,44.641536237936975,0.0167954,0.5529113357499341,0.018429872,1523.5872,1571.185,1468.894,-3.4243462600705703,0.019385545,-5.032907207596069,0.020280318,6.087389,--,--
Kepler-35,,,Gaia DR3 2128155371757730816,294.4969544828156,0.022448258,46.689672171184476,0.026156968,0.5247740868778668,0.02604244,1423.8081,1450.5251,1399.2996,-2.2800029890449203,0.02954727,-8.304980306258527,0.033085577,8.612266,--,--
Kepler-353,M1V,2014ApJS..213....5M,Gaia DR3 2076953069455745920,296.8565582487287,0.024332426,41.75807173944379,0.025884377,2.576091278254141,0.028617762,411.2573,415.5945,407.1503,-7.523101150760535,0.034724772,-22.62444662103618,0.033880614,23.842455,--,--
Kepler-38,,,Gaia DR3 2105448841733970432,286.8303111704462,0.010751352,42.27914158641651,0.010405492,0.8545676817726391,0.011922775,1234.9924,1300.1199,1189.0891,-4.575425301488089,0.014143358,-13.218845755949799,0.013738314,13.988296,14.376464,3.24477
Kepler-390,G5,2016A&A...594A..39F,Gaia DR3 2101638759069485568,291.62880981768564,0.011375567,41.20884225686783,0.01186716,2.3113656823479136,0.013407764,413.1731,415.2659,411.371,6.585857533472343,0.015325919,51.8474086115758,0.01462961,52.264015,-51.81056,2.8128016
Kepler-410,F6IV,2013MNRAS.434.1422M,Gaia DR3 2106904148451706752,283.1510569857756,0.009506264,45.1400923347966,0.010904664,6.793299197652491,0.010895859,146.8527,147.1156,146.5977,61.682968203003696,0.012593948,61.672976962812484,0.01363377,87.22582,--,--
Kepler-411,K3V,2016A&A...594A..39F,Gaia DR3 2132768956905956352,287.6057056660684,0.0073511046,49.52339814640493,0.007849708,6.531261116035169,0.00796181,152.7086,153.0128,151.3837,13.61072962191149,0.009489833,32.54333915082868,0.009678574,35.274933,-20.404621,0.76887596
Kepler-413,,,Gaia DR3 2133352385261516928,288.51066765622824,0.021576675,51.16242084410633,0.024580397,1.1948445993614896,0.024050998,825.6749,841.2168,811.5149,-1.020204849246956,0.029386083,-19.003836094188088,0.034251988,19.0312,--,--
Kepler-432,,,Gaia DR3 2128901871432519936,293.28223536256036,0.008465137,48.28591861655739,0.009299273,1.1711614239998227,0.009741443,--,--,--,4.6669614402979125,0.012303009,9.963463009025219,0.011490563,11.002323,-35.682453,0.6018416
Kepler-444,K0V,1962ApJ...136..793W,Gaia DR3 2101486923385239808,289.7528498630109,0.011013778,41.631796152541824,0.01215113,27.357806780355205,0.012462973,--,--,--,94.63943807332709,0.013257603,-632.2685924619194,0.014062062,639.31226,-120.78367,0.25531188
Kepler-453,G5,2016A&A...594A..39F,Gaia DR3 2107434834610481920,283.24133370857635,0.010105391,46.378468552457974,0.009829387,2.2516284360235925,0.010601091,445.4801,508.7544,434.6268,7.308712383472467,0.012536855,-4.159487947202539,0.01197343,8.409436,-2.9769905,3.1084614
Kepler-454,,,Gaia DR3 2099541715513813504,287.47865134467474,0.0093508875,38.22908178617382,0.010452882,4.2801714320543365,0.011241702,230.3047,230.9629,229.6756,21.91752054022185,0.012206621,48.25278930514177,0.013589491,52.997257,-71.5068,0.35646915
Kepler-47,,,Gaia DR3 2080506523540902912,295.2978876543492,0.019544827,46.92042887318971,0.019703101,0.9540335461778522,0.020761576,961.4878,983.3659,941.4589,-3.383001115831609,0.026739173,-10.212051895892808,0.024054287,10.75782,--,--
Kepler-477,,,,,,,,,,,,,,,,,,,
Kepler-504,M2V,2014ApJS..213....5M,Gaia DR3 2107186134525176960,284.92196460172585,0.014660934,45.972324892009425,0.015167444,10.063166202104417,0.016336018,99.0967,99.2615,98.9372,19.20752070924389,0.019232418,-11.661518555968943,0.018224156,22.470423,-31.625732,3.029079
Kepler-514,F8V,2016A&A...594A..39F,Gaia DR3 2133611659549905024,286.24717370229274,0.016205542,50.24236821263879,0.016509844,2.160753578615671,0.017156057,459.5389,465.7725,455.3883,-1.395720423823728,0.022905834,-8.260242291437542,0.021588422,8.377329,-12.082096,0.857221
Kepler-515,,,,,,,,,,,,,,,,,,,
Kepler-517,G6V,2016A&A...594A..39F,Gaia DR3 2077409645964537472,293.6755197170272,0.006937662,41.29520167110578,0.009175933,3.419724838688171,0.00901145,286.9458,287.9002,285.8548,31.773234516026832,0.0097915055,-31.611388066740275,0.01221829,44.819843,-74.122086,0.9632708
Kepler-519,,,Gaia DR3 2075161655782111872,299.3196740288222,0.007405153,41.384747214814375,0.008545708,4.057920233152619,0.009213146,245.1016,245.6566,244.5375,17.357435250992634,0.009935533,18.732307952088384,0.010085202,25.537813,-22.382618,1.2362435
Kepler-530,G5,2016A&A...594A..39F,Gaia DR3 2131736137528127744,283.34029562244706,0.008984494,48.5490629044781,0.010184102,2.1497444935362955,0.0099629555,456.0448,483.3966,452.243,4.092695290218944,0.011061014,6.577400075358794,0.01327927,7.7467637,7.569341,2.3438802
Kepler-538,G5V,2016A&A...594A..39F,Gaia DR3 2087171453788422528,297.4865397360923,0.011297687,49.62339632902534,0.011977624,6.426020200572237,0.012372064,154.5773,155.6693,154.1985,-49.276539804199906,0.015479261,-8.240212221363738,0.013685,49.96077,-37.99583,0.3971873
Kepler-560,M3V,2012ApJ...750L..37M,Gaia DR3 2082162147537254400,300.20666069086116,0.015577665,45.018242869070846,0.016173258,9.138659772436347,0.017317733,109.1145,109.3295,108.8824,84.70831574781454,0.0202019,18.85449952749068,0.019306445,86.78128,-94.30428,3.7398846
Kepler-636,,,,,,,,,,,,,,,,,,,
Kepler-68,G1V,2018MNRAS.481.3244G,Gaia DR3 2129550445852902656,291.03230868666486,0.008643371,49.04021141021865,0.0105647845,6.929799951748856,0.009993962,143.9776,145.1819,143.6994,-7.304572399541015,0.01152592,-10.45449403175323,0.012956848,12.753557,-20.49946,0.22569397
Kepler-693,,,Gaia DR3 2103572731299093376,283.25352616393013,0.030646216,40.35821513999427,0.03395059,0.8604263667152627,0.036811695,983.3378,996.1957,969.6062,-4.620209125325054,0.04299496,-2.8487199567618138,0.04688164,5.4278483,--,--
Kepler-743,K0V,2016A&A...594A..39F,Gaia DR3 2077994272606400512,295.57423163367633,0.007986345,42.80642512218651,0.007706275,3.560965468619232,0.008993224,278.8027,279.7495,276.4165,8.686554524468605,0.010615223,-2.4887877635647997,0.009830397,9.036056,-4.663391,1.3602579
Kepler-755,K2V,2016A&A...594A..39F,Gaia DR3 2076782889978499840,296.8609319849194,0.010021177,41.0973152252619,0.012149446,2.4654955202155935,0.012447392,387.7274,392.1126,356.0549,-15.449287915709608,0.013515897,-18.683877955378296,0.016409762,24.243923,-43.751476,3.9740705
Kepler-779,M2V,2012ApJ...750L..37M,Gaia DR3 2105915343901864832,285.6285198793645,0.02117735,44.3107820657457,0.022900391,3.5131166719828246,0.023161191,289.4855,300.1415,282.3836,-4.622821060876285,0.0273321,-24.46691278856382,0.029229797,24.899805,--,--
Kepler-78,K2,2016A&A...594A..39F,Gaia DR3 2078373642776670080,293.74196171446965,0.008416018,44.448249788026644,0.011083125,8.008458310145238,0.01035037,124.0222,124.2108,123.8363,38.19545221747897,0.010962581,-16.309437743583032,0.0134314,41.5318,--,--
Kepler-795,,,Gaia DR3 2052653729346427136,291.0189945220743,0.008268038,38.54557424784631,0.010044249,2.02275323014364,0.010845871,474.9763,480.6952,470.8259,-3.050092453521585,0.010751966,10.23260672793824,0.01205292,10.677514,-35.495464,2.5236719
Kepler-83,M0V,2012ApJ...750L..37M,Gaia DR3 2105261134483173632,282.23252001715565,0.022580039,43.665564290044195,0.024838066,2.5159602571795108,0.025534818,--,--,--,1.8971000977386594,0.029414117,-13.633663011887652,0.032379393,13.765019,--,--
Kepler-908,F9.5V,2016A&A...594A..39F,Gaia DR3 2076194101502797952,295.3225449301622,0.0122329565,39.3764612018725,0.012962142,3.3582727853818843,0.014357,294.2322,295.9301,292.2079,8.161154243938105,0.016412275,-8.024904979148655,0.0173223,11.445678,-24.731222,0.54969805
Kepler-951,,,Gaia DR3 2099524776162690944,287.73757996665233,0.013792533,38.11465102416349,0.014070547,2.567985077310959,0.016268492,376.6165,379.8039,365.6764,2.947814400185016,0.01710991,15.699308698389707,0.017576613,15.973662,-39.6869,4.799884
Kepler-970,K5V,2016A&A...594A..39F,Gaia DR3 2101379205604338688,289.6252187393857,0.014696428,40.70873537721311,0.01751017,3.015305015968713,0.01862958,--,--,--,-2.7385024905783486,0.019622456,1.6523882390085545,0.02401164,3.1984031,-19.802673,8.550066
Kepler-99,,,Gaia DR3 2076871091425583232,297.3539996494398,0.01221454,41.300044739930854,0.012889631,4.8014224486277,0.014390312,206.8017,207.7062,205.0458,1.5040929163427375,0.015291407,-3.331551078099902,0.015745385,3.6553423,-25.35692,1.0799705
LHS 1678,M2.0,2007AJ....133.2825R,Gaia DR3 4864160624337973248,68.17902996429045,0.012088367,-39.79100877620122,0.0148598915,50.33991044540537,0.015072701,--,--,--,239.36766680125513,0.015924256,-967.5973374565774,0.021609362,996.7655,10.944953,0.27765357
LTT 1445,M3.5+M3.0,2004AJ....128..463R,,,,,,,,,,,,,,,,,
LTT 3780,M4.0,2005A&A...442..211S,Gaia DR3 3767281845873242112,154.64485490553795,0.024577282,-11.717835368459564,0.0249448,45.39719520705794,0.030080639,--,--,--,-341.5372660862644,0.032077752,-247.74725247160802,0.031967204,421.93176,0.27133998,0.3398253
MASCARA-4,A3V,1975MSS...C01....0H,Gaia DR3 5245968236116294016,147.58006866590745,0.01569624,-66.11392739234807,0.015702013,5.943653280128668,0.01701874,170.4334,171.0378,169.8361,5.910215036169328,0.018929671,-15.044234916958901,0.018963706,16.163528,-5.708165,0.24430887
MXB 1658-298,,,,,,,,,,,,,,,,,,,
NGTS-14,K1V,2021A&A...646A.183S,Gaia DR3 6585082036193769088,328.5162049899237,0.08239494,-38.37737530931911,0.06865076,3.0953936586453588,0.11634685,--,--,--,-23.008436417141137,0.099554196,6.398229623626502,0.08466804,23.881489,--,--
NGTS-3,G6V+K1V,2018MNRAS.478.4720G,Gaia DR3 2885350546895266432,94.44475796632307,0.013305701,-35.70636280093693,0.0138208335,1.3419560996332598,0.015135569,671.4542,678.1017,664.7236,-8.781624618177503,0.017052287,8.86859078132844,0.016863972,12.480739,11.755969,5.342752
NN Ser,DAO1+M4,2010MNRAS.402.2591P,Gaia DR3 1191504471436192512,238.23369723378391,0.04971694,12.912078879866238,0.055686798,1.943817270149592,0.06621879,--,--,--,-30.170081002218094,0.055037346,-59.08405089625419,0.057259027,66.34123,--,--
NSVS 14256825,sdOB+dM,2012MNRAS.423..478A,Gaia DR3 4245906369913936000,305.0019471006415,0.026100717,4.632371626316477,0.016422765,1.3286670277086383,0.03556041,--,--,--,8.025926352631762,0.03704447,1.2574032825102122,0.02860897,8.123826,--,--
NY Vir,sdB1VIIHe1,2013A&A...551A..31D,Gaia DR3 3637481302758519040,204.70058388181175,0.03461738,-2.0303889326251667,0.021765416,1.6800520900012634,0.0376323,--,--,--,-6.145372843891884,0.054036275,-12.054418018445313,0.025296845,13.530506,--,--
OGLE-2007-BLG-349L,,,,,,,,,,,,,,,,,,,
OGLE-2008-BLG-092L,,,,,,,,,,,,,,,,,,,
OGLE-2013-BLG-0341L,,,,,,,,,,,,,,,,,,,
OGLE-2016-BLG-0613L,,,,,,,,,,,,,,,,,,,
OGLE-2018-BLG-1700L,,,,,,,,,,,,,,,,,,,
OGLE-2019-BLG-0304L,,,,,,,,,,,,,,,,,,,
PH1,,,,,,,,,,,,,,,,,,,
PSR B1620-26,,,,,,,,,,,,,,,,,,,
Pr0211,,,,,,,,,,,,,,,,,,,
Proxima Cen,M5.5Ve,1991AJ....101..662B,Gaia DR3 5853498713190525696,217.39232147200883,0.023999203,-62.67607511676666,0.03443618,768.0665391873573,0.049872905,1.3011,1.3013,1.3006,-3781.741008265163,0.031386077,769.4650146478623,0.050524533,3859.228,-21.942726,0.21612652
Qatar-6,,,,,,,,,,,,,,,,,,,
ROXs 12,M0.0e,2015MNRAS.448.2737R,Gaia DR3 6048935358761628288,246.6167981944298,0.015548205,-25.446698476974085,0.008176772,7.21704016084282,0.017220037,136.1674,137.1452,135.6415,-6.857771604937977,0.019738626,-24.814834603497918,0.0128727695,25.745,-8.000769,5.3621006
ROXs 42,,,Gaia DR3 6047587769820678656,247.81557496188842,0.27805433,-24.56736414161916,0.180737,5.904127888873923,0.3012197,--,--,--,-5.564536041814927,0.4204099,-21.86330264536062,0.2907996,22.56032,--,--
RR Cae,DA7.8,2011ApJ...743..138G,Gaia DR3 4788741548375134336,65.27338195414822,0.017390685,-48.65433424724288,0.019609934,47.20000835664457,0.019982621,--,--,--,30.03001127448013,0.023139162,-533.8860768572599,0.027772788,534.73,--,--
Ross 458,M0V,1986AJ.....92..139S,Gaia DR3 3737308025029348608,195.1911254275066,0.10148341,12.3755949261537,0.06847816,86.90096932259803,0.11696227,--,--,--,-628.7153076633822,0.18417579,-33.47184830837257,0.13255909,629.60565,-12.325825,0.32329184
SR 12,,,,,,,,,,,,,,,,,,,
TIC 172900988,,,Gaia DR3 709709093301608448,128.66166331322495,0.012919444,31.55397618165522,0.009992142,4.060785193155611,0.01494442,243.9051,246.6213,241.7466,-6.532926073719207,0.014489267,-22.886811843185797,0.011491984,23.800951,--,--
TOI-1201,M2.0,2021A&A...656A.124K,Gaia DR3 5157183324996790272,42.24772350156558,0.014603987,-14.537277007824862,0.018667703,26.57064869969188,0.022377174,--,--,--,164.06938275160152,0.025482086,46.54921632636686,0.027329212,170.54498,32.37245,0.33681476
TOI-1259,,,,,,,,,,,,,,,,,,,
TOI-1333,,,Gaia DR3 1978027916667478656,325.0145342036471,0.010629979,48.40676589049105,0.01060008,5.100418755687366,0.013035728,195.1769,195.7034,194.6856,-9.734214066355793,0.013037395,-10.666366856910116,0.013051439,14.44044,-15.369247,0.20409018
TOI-1338,,,Gaia DR3 5494443978353833088,92.1330922890729,0.009631864,-59.54098041546531,0.009938445,2.4752207371247374,0.009870817,398.6512,400.1675,397.1239,-12.05726089305404,0.013822188,34.512940921207985,0.013479166,36.558456,23.561165,5.3371463
TOI-1634,,,Gaia DR3 223158499179138432,56.390623749990596,0.014294015,37.11228222923042,0.010567369,28.512283209929986,0.0183894,35.2218,35.3149,35.1916,81.34823828692753,0.020346021,13.548388140839217,0.015096281,82.46875,-17.592255,0.32411665
TOI-3714,,,,,,,,,,,,,,,,,,,
TOI-421,G9V,2020AJ....160..114C,Gaia DR3 2984582227215748864,81.85327727094118,0.00793026,-14.276733326464331,0.00803499,13.333711447035695,0.011669718,74.7663,74.8459,74.6811,-35.742672237284026,0.010905042,50.38733489295357,0.0107857315,61.7772,79.40613,0.16491108
TOI-451,,,Gaia DR3 4844691297067063424,62.966383049912935,0.008086537,-37.93972822497289,0.009804345,8.099278403924245,0.010753243,123.3592,123.5403,123.1822,-11.060773286516675,0.00973164,12.346551282402876,0.013950076,16.57643,19.784569,0.3739142
TOI-942,K2.2V,2021A&A...645A..71C,Gaia DR3 2974906868489280768,76.6496195413261,0.009730104,-20.245613095254143,0.010173937,6.6028586079112195,0.015041716,149.5262,150.1889,148.4729,15.435349387243585,0.010944147,-3.9563373306798844,0.012387272,15.934322,23.413946,0.63528156
TrES-1,,,,,,,,,,,,,,,,,,,
TrES-2,,,,,,,,,,,,,,,,,,,
TrES-4,,,,,,,,,,,,,,,,,,,
UZ For,M4.5,,Gaia DR3 5084805635638179584,53.869470960586746,0.025129944,-25.73938583074852,0.040630735,4.178527967080996,0.057460453,--,--,--,17.86681225802653,0.029577043,-1.2646983903501936,0.047688946,17.911516,--,--
VHS J125601.92-125723.9,M7.0,2015ApJ...804...96G,Gaia DR3 3526198184723289472,194.00764786266586,0.4249745,-12.956935593723335,0.3346647,47.2733194934019,0.47309375,--,--,--,-272.4615398226702,0.5744399,-190.23873707184504,0.5007774,332.30417,--,--
WASP-1,F7V,2011A&A...529A.136E,Gaia DR3 2862548428079638912,5.166952815807361,0.016481962,31.989972690933158,0.012185558,2.610845275642823,0.021756463,363.9395,368.9784,348.1748,-4.692148155376644,0.02239132,-3.3201413700620868,0.020139277,5.748008,-13.901666,0.588725
WASP-100,F2,2014MNRAS.440.1982H,Gaia DR3 4675352109659600000,68.95981944296504,0.012033742,-64.02703904668957,0.013671186,2.807859482650987,0.012893304,346.1421,351.8853,337.8027,10.896461611266535,0.015064312,-0.41979737950813834,0.0186934,10.904545,--,--
WASP-104,G8,2014A&A...570A..64S,Gaia DR3 3868603216762016256,160.60236437131712,0.016909832,7.43507673219884,0.018259875,5.364122899313626,0.018559784,184.7389,185.5724,183.646,-32.37650674812196,0.021095637,-0.9324266938419608,0.023740755,32.38993,29.19487,0.7983305
WASP-11,K3V,2011A&A...529A.136E,Gaia DR3 123376685084303360,47.368947889327416,0.054153815,30.67337557168549,0.042707372,7.699678840356039,0.057928033,125.7239,129.5703,116.31,3.3337671974409737,0.0683668,-44.43342847178427,0.05339591,44.558315,5.2108884,0.28396755
WASP-114,,,Gaia DR3 2726339892542980864,327.6656944963982,0.012462095,10.462937277691182,0.009969761,1.9620371965733072,0.014856018,501.7495,505.7686,497.8554,-5.80998419890996,0.014396945,-8.685228931478905,0.012520413,10.44936,-2.2890794,0.84120744
WASP-12,G0V,2013MNRAS.428..182B,Gaia DR3 3435282862461427072,97.6366447703347,0.015257985,29.67226537027133,0.013152447,2.4212933800707614,0.016602512,425.2205,473.8125,409.0724,-1.5186396993361435,0.01918892,-6.760588775897211,0.015015844,6.9290566,20.620773,1.4446695
WASP-123,G5,2016PASP..128f4401T,Gaia DR3 6756148659453907200,289.4792096601899,0.017802857,-32.86012890157572,0.017225917,5.008790628778512,0.020317754,198.1825,199.0931,197.2992,-16.68296800434924,0.021365171,-31.969826604744465,0.019218743,36.060936,17.75338,0.8122689
WASP-127,G5,2017A&A...599A...3L,Gaia DR3 3778075717162985600,160.5587672692607,0.015283565,-3.8349964512528536,0.0138194915,6.224068869308318,0.017496513,159.0436,159.8277,156.4265,19.13268694510232,0.019605422,17.05750707149233,0.017620321,25.632368,-8.967747,0.15694292
WASP-129,G1,2016A&A...591A..55M,Gaia DR3 5380888758195682944,176.29905398461193,0.011039993,-42.06395766717902,0.009336965,3.173541535453388,0.015945626,310.469,311.9213,308.9374,11.630427759883307,0.011924597,-1.4594545925652318,0.011509555,11.721641,22.812706,0.4147842
WASP-139,,,Gaia DR3 4851398799032507776,49.562170146171425,0.0075791134,-41.3020200815678,0.008608482,4.698437590679656,0.00984125,211.2515,211.9677,210.2654,-15.995946270709366,0.0093241455,24.352967951427523,0.011385059,29.13653,-13.361155,0.49286583
WASP-14,F5V,2011A&A...529A.136E,Gaia DR3 1242084170974175232,218.27662916581795,0.010499153,21.89468654650299,0.013055308,6.220461240162806,0.017173957,160.6873,161.1161,160.2227,29.427628907231075,0.01470701,-6.864295708466052,0.01817892,30.21761,-5.2097735,0.2724547
WASP-140,,,Gaia DR3 5094154336332482304,60.38553599886904,0.012382258,-20.45099622986344,0.013096502,8.563197241147785,0.018886453,115.6118,116.1572,114.4646,-18.548005017768066,0.016309688,20.321651585131868,0.017667374,27.513597,1.9719152,0.38553903
WASP-145,K2V,2019MNRAS.482.1379H,Gaia DR3 6458529931463278976,322.25353934308254,0.018389719,-58.83471638939374,0.016817626,10.927504352922913,0.028823879,91.8234,92.3204,91.3464,106.25333526266897,0.020218845,8.312392289515286,0.026500376,106.57799,3.8109238,0.88873214
WASP-160,K0V,2019MNRAS.482..301L,Gaia DR3 2910755484609597312,87.67956527298546,0.008185147,-27.623326613867086,0.009989389,3.447585472798696,0.01202254,289.0366,290.4014,287.8269,27.028920176052942,0.010291376,-34.801912907865066,0.013511152,44.06513,-6.2565703,0.9447916
WASP-168,F9V,2019MNRAS.482.1379H,Gaia DR3 5555500000779464448,96.74464282054656,0.009114895,-46.821360623760505,0.008788872,3.337120552175797,0.009446365,296.3867,297.2959,295.5402,0.14366535796634428,0.01306212,20.555492636809213,0.010967889,20.555994,49.269737,0.61829054
WASP-173,,,,,,,,,,,,,,,,,,,
WASP-18,F6IV/V,1978MSS...C02....0H,Gaia DR3 4955371367334610048,24.3544669330396,0.008036719,-45.6777908467995,0.009089046,8.144292282321743,0.011555529,122.4908,122.6473,122.3042,25.404449269627033,0.009563869,20.47932580565009,0.011337891,32.631104,3.4686716,0.34195697
WASP-180,,,,,,,,,,,,,,,,,,,
WASP-2,K1.5,2013MNRAS.428..182B,Gaia DR3 1748596020745038208,307.7255594999332,0.024519896,6.42932372868927,0.016491598,6.577667738477687,0.026991561,146.3791,147.5113,142.3766,5.631050245140951,0.033308603,-48.49149330424166,0.026608523,48.81735,-27.702095,0.4623903
WASP-20,,,Gaia DR3 2359978293137038720,5.160569252486649,0.77531636,-23.935788510105784,0.4526226,3.469879952076117,0.7095347,--,--,--,1.3515464239441457,0.73834074,-14.739197227197469,0.5535269,14.801034,1.2559601,0.85034984
WASP-24,F8-9,2011A&A...529A.136E,Gaia DR3 1153682508388170112,227.21549518764567,0.017102245,2.3432847952688594,0.017424298,3.033025074271025,0.020760538,325.2487,329.2887,322.979,-16.741139575406237,0.020410398,-8.55639047692392,0.022494186,18.800999,-17.456457,0.57570344
WASP-26,G0,2011A&A...529A.136E,Gaia DR3 2416782701664155008,4.603046331873172,0.019211259,-15.267407823033842,0.015815731,3.9574082355761,0.024708994,247.9026,249.6976,245.86,27.415986870763714,0.021760399,-24.523985816816722,0.021044359,36.783993,9.065874,0.40885735
WASP-3,F7V,2007MNRAS.378.1576P,Gaia DR3 2095108312831835648,278.63174017602927,0.009296005,35.66142806337163,0.011369334,4.3338450846582015,0.011981826,229.8011,230.4609,229.2229,-5.790525244868253,0.012401425,-21.92946596458527,0.014579406,22.681086,-4.9901576,0.3185258
WASP-33,kA5hA8mF4,1999A&AS..137..451G,Gaia DR3 328636019723252096,36.712737278545035,0.028007256,37.55044282375837,0.025532143,8.223839780109072,0.032659534,121.851,123.3485,121.182,-0.9773640831525285,0.034777407,-8.894781294069915,0.033895217,8.948317,-2.7032616,0.33139333
WASP-36,G2,2012AJ....143...81S,Gaia DR3 5750936092375254016,131.5803891336058,0.009496675,-8.026986602122715,0.0063583483,2.6493474337227347,0.012940225,363.4092,365.6382,361.2062,-4.039925216777357,0.01331738,-8.501520314883894,0.010948687,9.41259,-12.446138,0.969012
WASP-45,,,Gaia DR3 2308834780352875904,5.237765771835368,0.014142692,-35.99847157994904,0.01190612,4.651975578252476,0.022600828,216.0437,219.0556,214.8613,52.83114058763984,0.014885541,-46.939973974731984,0.021056168,70.67171,4.713166,0.32594347
WASP-49,,,Gaia DR3 2991284369063612928,91.08972726581673,0.009641039,-16.965392673975465,0.012419269,5.131515401849161,0.015781043,193.4291,194.0235,192.8158,54.67121266345385,0.0127297845,-19.055001636772797,0.01431527,57.89676,41.805832,0.3819376
WASP-54,F8,,Gaia DR3 3661983850663908608,205.454244106587,0.017955275,-0.12817462704875876,0.012570318,3.9859231432763704,0.019994255,247.0598,249.115,243.6316,-10.810334358829486,0.021431535,-24.744304992383515,0.01633825,27.002666,-2.7097933,0.21974954
WASP-55,G1,,Gaia DR3 3603529272750802560,203.75819687335004,0.016043691,-17.503496550494575,0.012729061,3.419421566233377,0.020420363,287.7856,289.4596,286.0631,12.037224962229965,0.023178553,-3.7473688850700695,0.01465018,12.607044,-3.3125107,0.8668771
WASP-56,G6,2013A&A...551A..73F,Gaia DR3 4001613814138156416,183.36603462238423,0.013581474,23.05568747465988,0.010768663,3.047146686120003,0.016178714,323.5938,325.3495,321.8863,-36.69491991900714,0.015784563,2.954370639193955,0.013835035,36.81366,5.971451,0.7987087
WASP-58,G2V,2013A&A...549A.134H,Gaia DR3 2115245554756763392,274.70125986776867,0.0097834105,45.17222589005728,0.010841627,3.3963093775903235,0.011228994,287.7541,288.9692,286.1509,32.65803771936046,0.013069397,47.057089668235065,0.015850993,57.27929,-28.415554,0.70623845
WASP-64,,,Gaia DR3 5583523425437258240,101.11491919531099,0.007779216,-32.85838790104288,0.009224975,2.772145517921417,0.010240092,356.2763,357.515,354.9656,-19.26509432060659,0.010575743,-1.0721360724731186,0.012288503,19.294905,34.4045,1.2326814
WASP-68,G2/3(IV),1988MSS...C04....0H,Gaia DR3 6860535606196306304,305.0957222672754,0.012843387,-19.314728001023838,0.00906395,4.347325882007346,0.01437024,--,--,--,-11.02445907590391,0.015861727,-6.321631295838131,0.011172551,12.708333,28.45201,0.2350121
WASP-70,G4+K3,2014MNRAS.445.1114A,,,,,,,,,,,,,,,,,
WASP-75,,,Gaia DR3 2605161444735454464,342.3859059849816,0.015947264,-10.675466486475864,0.015865304,3.338719964564264,0.020248938,292.8913,294.59,291.0095,45.892360320787624,0.021634774,15.428165405047372,0.020515293,48.41629,3.0176556,0.41906917
WASP-76,F7,2016A&A...585A.126W,Gaia DR3 2512326349403275520,26.632942558183125,0.068566404,2.7003834942057443,0.058521826,5.289922464930457,0.08260456,185.3462,190.9829,181.1616,45.53083787359289,0.08768097,-40.59290887943266,0.079925984,60.9987,-0.7857302,0.24754383
WASP-77,,,,,,,,,,,,,,,,,,,
WASP-8,G6,,Gaia DR3 2312679845530628096,359.9008923202115,0.012183767,-35.03133382683244,0.012703507,11.105202627067436,0.017534066,89.9491,90.7484,89.732,109.75217182387749,0.012661799,7.615443567333115,0.013553472,110.01606,-1.3833259,0.2571255
WASP-85,G0,,,,,,,,,,,,,,,,,,
WASP-87,,,Gaia DR3 6077185317188247936,185.32468176228136,0.009337536,-52.840815720867845,0.011001814,3.3231349951097027,0.0194443,297.3744,298.9696,295.764,-1.3768613632363664,0.013076988,3.9757017845850644,0.014145069,4.207369,-14.777634,0.31673542
WASP-94,F8,2014A&A...572A..49N,Gaia DR3 6780546169634170496,313.7832437626676,0.018313386,-34.135757506210496,0.012859827,4.74981259541825,0.024207314,206.1713,207.3799,204.8247,26.500228153109326,0.020957971,-44.970822510565206,0.018196598,52.198055,-8.361371,0.19016075
WASP-98,G7,2014MNRAS.440.1982H,Gaia DR3 4859136199796131200,58.42901702034957,0.007895239,-34.32827332870249,0.010008889,3.571727586930456,0.011918267,275.3148,285.6876,273.076,33.66120068328825,0.010755438,-12.39500242050342,0.013356413,35.870777,-36.75165,1.4756408
WD 1856+534,DC,1994BAAS...26..901D,Gaia DR3 2146576589564898688,284.4157312016983,0.05522275,53.509017102025624,0.051071003,40.39310935403938,0.050550234,--,--,--,240.7492368572938,0.071992084,-52.4701406612122,0.06262324,246.40071,--,--
XO-2,G9V,2010JDSO....6...30B,Gaia DR3 934346809278715776,117.02676263913213,0.011859772,50.225125823268115,0.010620024,6.658820486337614,0.015762223,149.131,149.5307,148.7545,-29.552268337280243,0.014722639,-154.2272380739345,0.011452951,157.03305,47.45101,0.43835604
alf Tau,K5+III,1989ApJS...71..245K,,,,,,,,,,,,,,,,,
b Cen,B3V,,Gaia DR3 6105713692544123520,220.48979284604397,0.24998334,-37.79363633838957,0.35713705,10.033935628914184,0.3142749,--,--,--,-29.82755785404962,0.36863744,-31.913582144522962,0.51816857,43.68249,--,--
bet Cnc,K4IIIBa0.5:,1989ApJS...71..245K,Gaia DR3 3098404220680931968,124.1286317978316,0.23067737,9.185323935788704,0.13935798,10.102592897316667,0.3141416,--,--,--,-45.67916058543277,0.30769357,-49.50480605477476,0.19159457,67.359566,--,--
eps Ind,K5V,2006A&A...460..695T,Gaia DR3 6412595290592307840,330.8724078795965,0.0686946,-56.79725466122902,0.065466,274.8431415216296,0.09561499,3.6481,3.6698,3.6389,3966.6605387484133,0.08557088,-2536.1919868044724,0.09221277,4708.149,-40.4267,0.12858154
gam 1 Leo,,,,,,,,,,,,,,,,,,,
gam Cep,K1III-IVCN1,1989ApJS...71..245K,Gaia DR3 2281778105594488192,354.83578083298244,0.124728195,77.63312481414683,0.12490085,72.51669209892496,0.14698927,--,--,--,-64.86017762406422,0.14331752,171.15860250258777,0.14084655,183.03581,--,--
ome Ser,K0IV,1999MSS...C05....0H,Gaia DR3 4423234230853333632,237.57324636439893,0.05837475,2.1962973662369305,0.05077994,13.10255222351121,0.0695269,74.572,74.9421,74.2467,30.263545043853533,0.070954904,-47.59289913179076,0.058252864,56.400055,-3.849087,0.12262874
omi UMa,G5III:,1989ApJS...71..245K,Gaia DR3 1041808368494264576,127.56491125025244,0.08630966,60.71768972076183,0.08861628,17.933453100456937,0.14564699,59.3034,59.4377,59.1709,-133.6435612588574,0.09097721,-107.664450660585,0.112253256,171.61653,--,--
psi 1 Dra,,,,,,,,,,,,,,,,,,,
tau Boo,F7IV-V,2001AJ....121.2148G,Gaia DR3 1244571953471006720,206.8133909945028,0.068929896,17.457173637726076,0.06427766,64.04697623237095,0.10931693,15.6162,15.6554,15.5681,-468.9225601068748,0.09482802,63.46858141462215,0.07354936,473.1983,-16.750475,0.1532612
ups And,F9V,2009ApJS..180..117A,Gaia DR3 348020482735930112,24.198321215249642,0.18556432,41.4037617615712,0.11893508,74.19396780666189,0.2082973,13.5205,13.7321,13.4624,-171.89184082707104,0.27009702,-381.8151588992299,0.13014849,418.7238,-28.74587,0.12611356
